{
    "accuracy": 1.0,
    "precision": 1.0,
    "recall": 1.0,
    "f1_score": 1.0,
    "pdf间的平均编辑距离": 19.82051282051282,
    "pdf间的平均bleu": 0.9002485609584511,
    "阅读顺序编辑距离": 0.3176895306859206,
    "分段准确率": 0.8989169675090253,
    "行内公式准确率": {
        "accuracy": 0.9782741738066095,
        "precision": 0.9782741738066095,
        "recall": 1.0,
        "f1_score": 0.9890177880897139
    },
    "行内公式编辑距离": 0.0,
    "行内公式bleu": 0.20340450120213166,
    "行间公式准确率": {
        "accuracy": 1.0,
        "precision": 1.0,
        "recall": 1.0,
        "f1_score": 1.0
    },
    "行间公式编辑距离": 0.0,
    "行间公式bleu": 0.3662262622386575,
    "丢弃文本准确率": {
        "accuracy": 0.867870036101083,
        "precision": 0.9064856711915535,
        "recall": 0.9532117367168914,
        "f1_score": 0.9292616930807885
    },
    "丢弃文本标签准确率": {
        "color_background_header_txt_block": {
            "precision": 0.0,
            "recall": 0.0,
            "f1-score": 0.0,
            "support": 41.0
        },
        "rotate": {
            "precision": 1.0,
            "recall": 0.9682539682539683,
            "f1-score": 0.9838709677419355,
            "support": 63.0
        },
        "footnote": {
            "precision": 1.0,
            "recall": 0.883495145631068,
            "f1-score": 0.9381443298969072,
            "support": 103.0
        },
        "header": {
            "precision": 1.0,
            "recall": 1.0,
            "f1-score": 1.0,
            "support": 4.0
        },
        "on-image": {
            "precision": 0.9947643979057592,
            "recall": 1.0,
            "f1-score": 0.9973753280839895,
            "support": 380.0
        },
        "on-table": {
            "precision": 1.0,
            "recall": 0.9443609022556391,
            "f1-score": 0.97138437741686,
            "support": 665.0
        },
        "micro avg": {
            "precision": 0.9982847341337907,
            "recall": 0.9267515923566879,
            "f1-score": 0.9611890999174236,
            "support": 1256.0
        }
    },
    "丢弃图片准确率": {
        "accuracy": 0.8666666666666667,
        "precision": 0.9285714285714286,
        "recall": 0.9285714285714286,
        "f1_score": 0.9285714285714286
    },
    "丢弃表格准确率": {
        "accuracy": 0,
        "precision": 0,
        "recall": 0,
        "f1_score": 0
    }
}